condition,strategy,timeout_ms,run,num_frames,stall_count,stall_total_s,stall_from_duration_s,stall_max_ms
baseline,none,0,1,883,0,0.0,0,0
baseline,none,0,2,883,0,0.0,0,0
baseline,none,0,3,883,0,0.0,0,0
baseline,none,0,4,883,0,0.0,0,0
baseline,none,0,5,883,0,0.0,0,0
baseline,none,0,6,883,0,0.0,0,0
baseline,none,0,7,883,0,0.0,0,0
baseline,none,0,8,883,0,0.0,0,0
baseline,none,0,9,883,0,0.0,0,0
baseline,none,0,10,883,0,0.0,0,0
baseline,reset-at-keyframe,100,1,883,0,0.0,0,0
baseline,reset-at-keyframe,100,2,883,0,0.0,0,0
baseline,reset-at-keyframe,100,3,883,0,0.0,0,0
baseline,reset-at-keyframe,100,4,883,0,0.0,0,0
baseline,reset-at-keyframe,100,5,883,0,0.0,0,0
baseline,reset-at-keyframe,100,6,883,0,0.0,0,0
baseline,reset-at-keyframe,100,7,883,0,0.0,0,0
baseline,reset-at-keyframe,100,8,883,0,0.0,0,0
baseline,reset-at-keyframe,100,9,883,0,0.0,0,0
baseline,reset-at-keyframe,100,10,883,0,0.0,0,0
baseline,reset-at-keyframe,200,1,883,0,0.0,0,0
baseline,reset-at-keyframe,200,2,883,0,0.0,0,0
baseline,reset-at-keyframe,200,3,883,0,0.0,0,0
baseline,reset-at-keyframe,200,4,883,0,0.0,0,0
baseline,reset-at-keyframe,200,5,883,0,0.0,0,0
baseline,reset-at-keyframe,200,6,883,0,0.0,0,0
baseline,reset-at-keyframe,200,7,883,0,0.0,0,0
baseline,reset-at-keyframe,200,8,883,0,0.0,0,0
baseline,reset-at-keyframe,200,9,883,0,0.0,0,0
baseline,reset-at-keyframe,200,10,883,0,0.0,0,0
baseline,reset-at-keyframe,500,1,883,0,0.0,0,0
baseline,reset-at-keyframe,500,2,883,0,0.0,0,0
baseline,reset-at-keyframe,500,3,883,0,0.0,0,0
baseline,reset-at-keyframe,500,4,883,0,0.0,0,0
baseline,reset-at-keyframe,500,5,883,0,0.0,0,0
baseline,reset-at-keyframe,500,6,883,0,0.0,0,0
baseline,reset-at-keyframe,500,7,883,0,0.0,0,0
baseline,reset-at-keyframe,500,8,883,0,0.0,0,0
baseline,reset-at-keyframe,500,9,883,0,0.0,0,0
baseline,reset-at-keyframe,500,10,883,0,0.0,0,0
baseline,reset-at-keyframe,1000,1,883,0,0.0,0,0
baseline,reset-at-keyframe,1000,2,883,0,0.0,0,0
baseline,reset-at-keyframe,1000,3,883,0,0.0,0,0
baseline,reset-at-keyframe,1000,4,883,0,0.0,0,0
baseline,reset-at-keyframe,1000,5,883,0,0.0,0,0
baseline,reset-at-keyframe,1000,6,883,0,0.0,0,0
baseline,reset-at-keyframe,1000,7,883,0,0.0,0,0
baseline,reset-at-keyframe,1000,8,883,0,0.0,0,0
baseline,reset-at-keyframe,1000,9,883,0,0.0,0,0
baseline,reset-at-keyframe,1000,10,883,0,0.0,0,0
baseline,reset-at-object,100,1,883,0,0.0,0,0
baseline,reset-at-object,100,2,883,0,0.0,0,0
baseline,reset-at-object,100,3,883,0,0.0,0,0
baseline,reset-at-object,100,4,883,0,0.0,0,0
baseline,reset-at-object,100,5,883,0,0.0,0,0
baseline,reset-at-object,100,6,883,0,0.0,0,0
baseline,reset-at-object,100,7,883,0,0.0,0,0
baseline,reset-at-object,100,8,883,0,0.0,0,0
baseline,reset-at-object,100,9,883,0,0.0,0,0
baseline,reset-at-object,100,10,883,0,0.0,0,0
baseline,reset-at-object,200,1,883,0,0.0,0,0
baseline,reset-at-object,200,2,883,0,0.0,0,0
baseline,reset-at-object,200,3,883,0,0.0,0,0
baseline,reset-at-object,200,4,883,0,0.0,0,0
baseline,reset-at-object,200,5,883,0,0.0,0,0
baseline,reset-at-object,200,6,883,0,0.0,0,0
baseline,reset-at-object,200,7,883,0,0.0,0,0
baseline,reset-at-object,200,8,883,0,0.0,0,0
baseline,reset-at-object,200,9,883,0,0.0,0,0
baseline,reset-at-object,200,10,883,0,0.0,0,0
baseline,reset-at-object,500,1,883,0,0.0,0,0
baseline,reset-at-object,500,2,883,0,0.0,0,0
baseline,reset-at-object,500,3,883,0,0.0,0,0
baseline,reset-at-object,500,4,883,0,0.0,0,0
baseline,reset-at-object,500,5,883,0,0.0,0,0
baseline,reset-at-object,500,6,883,0,0.0,0,0
baseline,reset-at-object,500,7,883,0,0.0,0,0
baseline,reset-at-object,500,8,883,0,0.0,0,0
baseline,reset-at-object,500,9,883,0,0.0,0,0
baseline,reset-at-object,500,10,883,0,0.0,0,0
baseline,reset-at-object,1000,1,883,0,0.0,0,0
baseline,reset-at-object,1000,2,883,0,0.0,0,0
baseline,reset-at-object,1000,3,883,0,0.0,0,0
baseline,reset-at-object,1000,4,883,0,0.0,0,0
baseline,reset-at-object,1000,5,883,0,0.0,0,0
baseline,reset-at-object,1000,6,883,0,0.0,0,0
baseline,reset-at-object,1000,7,883,0,0.0,0,0
baseline,reset-at-object,1000,8,883,0,0.0,0,0
baseline,reset-at-object,1000,9,883,0,0.0,0,0
baseline,reset-at-object,1000,10,883,0,0.0,0,0
baseline,reset-stream,100,1,883,0,0.0,0,0
baseline,reset-stream,100,2,883,0,0.0,0,0
baseline,reset-stream,100,3,883,0,0.0,0,0
baseline,reset-stream,100,4,883,0,0.0,0,0
baseline,reset-stream,100,5,883,0,0.0,0,0
baseline,reset-stream,100,6,883,0,0.0,0,0
baseline,reset-stream,100,7,883,0,0.0,0,0
baseline,reset-stream,100,8,883,0,0.0,0,0
baseline,reset-stream,100,9,883,0,0.0,0,0
baseline,reset-stream,100,10,883,0,0.0,0,0
baseline,reset-stream,200,1,883,0,0.0,0,0
baseline,reset-stream,200,2,883,0,0.0,0,0
baseline,reset-stream,200,3,883,0,0.0,0,0
baseline,reset-stream,200,4,883,0,0.0,0,0
baseline,reset-stream,200,5,883,0,0.0,0,0
baseline,reset-stream,200,6,883,0,0.0,0,0
baseline,reset-stream,200,7,883,0,0.0,0,0
baseline,reset-stream,200,8,883,0,0.0,0,0
baseline,reset-stream,200,9,883,0,0.0,0,0
baseline,reset-stream,200,10,883,0,0.0,0,0
baseline,reset-stream,500,1,883,0,0.0,0,0
baseline,reset-stream,500,2,883,0,0.0,0,0
baseline,reset-stream,500,3,883,0,0.0,0,0
baseline,reset-stream,500,4,883,0,0.0,0,0
baseline,reset-stream,500,5,883,0,0.0,0,0
baseline,reset-stream,500,6,883,0,0.0,0,0
baseline,reset-stream,500,7,883,0,0.0,0,0
baseline,reset-stream,500,8,883,0,0.0,0,0
baseline,reset-stream,500,9,883,0,0.0,0,0
baseline,reset-stream,500,10,883,0,0.0,0,0
baseline,reset-stream,1000,1,883,0,0.0,0,0
baseline,reset-stream,1000,2,883,0,0.0,0,0
baseline,reset-stream,1000,3,883,0,0.0,0,0
baseline,reset-stream,1000,4,883,0,0.0,0,0
baseline,reset-stream,1000,5,883,0,0.0,0,0
baseline,reset-stream,1000,6,883,0,0.0,0,0
baseline,reset-stream,1000,7,883,0,0.0,0,0
baseline,reset-stream,1000,8,883,0,0.0,0,0
baseline,reset-stream,1000,9,883,0,0.0,0,0
baseline,reset-stream,1000,10,883,0,0.0,0,0
congested,none,0,1,883,14,7.624,9.127,901.0
congested,none,0,2,883,15,7.511,9.12,901.0
congested,none,0,3,882,15,7.511,9.145,901.0
congested,none,0,4,881,13,7.392,9.284,901.0
congested,none,0,5,883,15,7.566,9.129,961.0
congested,none,0,6,883,15,7.509,9.139,901.0
congested,none,0,7,883,16,7.671,9.128,924.0
congested,none,0,8,881,14,7.451,9.251,901.0
congested,none,0,9,883,15,7.509,9.095,900.0
congested,none,0,10,883,15,7.548,9.144,948.0
congested,reset-at-keyframe,100,1,467,15,13.04,12.74,1106.0
congested,reset-at-keyframe,100,2,468,15,13.004,12.705,1106.0
congested,reset-at-keyframe,100,3,468,15,13.007,12.711,1107.0
congested,reset-at-keyframe,100,4,468,15,13.004,12.724,1106.0
congested,reset-at-keyframe,100,5,468,15,13.023,12.706,1107.0
congested,reset-at-keyframe,100,6,468,15,13.022,12.721,1106.0
congested,reset-at-keyframe,100,7,468,15,13.006,12.704,1105.0
congested,reset-at-keyframe,100,8,468,15,13.004,12.706,1107.0
congested,reset-at-keyframe,100,9,465,15,13.107,12.804,1107.0
congested,reset-at-keyframe,100,10,440,16,13.941,13.663,1107.0
congested,reset-at-keyframe,200,1,525,14,10.932,10.785,1059.0
congested,reset-at-keyframe,200,2,525,14,10.932,10.784,1058.0
congested,reset-at-keyframe,200,3,525,14,10.936,10.784,1059.0
congested,reset-at-keyframe,200,4,525,14,10.934,10.788,1059.0
congested,reset-at-keyframe,200,5,525,14,10.936,10.79,1061.0
congested,reset-at-keyframe,200,6,525,14,10.933,10.779,1059.0
congested,reset-at-keyframe,200,7,525,14,10.937,10.773,1059.0
congested,reset-at-keyframe,200,8,525,14,10.943,10.783,1059.0
congested,reset-at-keyframe,200,9,525,14,10.935,10.788,1059.0
congested,reset-at-keyframe,200,10,525,14,10.933,10.801,1060.0
congested,reset-at-keyframe,500,1,602,13,8.968,8.992,925.0
congested,reset-at-keyframe,500,2,602,13,8.967,9.004,926.0
congested,reset-at-keyframe,500,3,602,13,8.909,8.981,937.0
congested,reset-at-keyframe,500,4,602,13,8.942,8.948,926.0
congested,reset-at-keyframe,500,5,601,13,8.929,9.021,925.0
congested,reset-at-keyframe,500,6,602,13,8.969,8.994,925.0
congested,reset-at-keyframe,500,7,610,14,8.819,8.722,937.0
congested,reset-at-keyframe,500,8,602,13,8.957,8.967,937.0
congested,reset-at-keyframe,500,9,601,13,8.97,9.026,925.0
congested,reset-at-keyframe,500,10,602,13,8.956,8.968,925.0
congested,reset-at-keyframe,1000,1,630,13,8.682,8.541,925.0
congested,reset-at-keyframe,1000,2,630,13,8.68,8.562,925.0
congested,reset-at-keyframe,1000,3,630,13,8.699,8.559,925.0
congested,reset-at-keyframe,1000,4,630,13,8.678,8.549,925.0
congested,reset-at-keyframe,1000,5,630,13,8.681,8.546,925.0
congested,reset-at-keyframe,1000,6,630,13,8.682,8.546,925.0
congested,reset-at-keyframe,1000,7,630,13,8.68,8.546,925.0
congested,reset-at-keyframe,1000,8,630,13,8.681,8.551,925.0
congested,reset-at-keyframe,1000,9,630,13,8.68,8.552,925.0
congested,reset-at-keyframe,1000,10,630,13,8.68,8.55,924.0
congested,reset-at-object,100,1,468,15,13.006,12.714,1106.0
congested,reset-at-object,100,2,468,15,13.006,12.718,1106.0
congested,reset-at-object,100,3,468,16,13.055,12.71,1106.0
congested,reset-at-object,100,4,468,15,13.007,12.72,1107.0
congested,reset-at-object,100,5,468,15,13.006,12.725,1106.0
congested,reset-at-object,100,6,468,15,13.003,12.705,1106.0
congested,reset-at-object,100,7,468,15,13.003,12.723,1105.0
congested,reset-at-object,100,8,468,15,13.023,12.716,1106.0
congested,reset-at-object,100,9,468,15,13.003,12.702,1109.0
congested,reset-at-object,100,10,468,15,13.022,12.716,1106.0
congested,reset-at-object,200,1,526,14,10.885,10.752,1056.0
congested,reset-at-object,200,2,526,14,10.884,10.75,1054.0
congested,reset-at-object,200,3,526,14,10.884,10.748,1056.0
congested,reset-at-object,200,4,526,14,10.899,10.756,1058.0
congested,reset-at-object,200,5,526,14,10.887,10.754,1056.0
congested,reset-at-object,200,6,526,14,10.884,10.737,1056.0
congested,reset-at-object,200,7,526,14,10.885,10.751,1057.0
congested,reset-at-object,200,8,526,14,10.884,10.748,1055.0
congested,reset-at-object,200,9,526,14,10.901,10.743,1056.0
congested,reset-at-object,200,10,525,14,10.947,10.791,1059.0
congested,reset-at-object,500,1,602,13,8.97,8.991,925.0
congested,reset-at-object,500,2,602,13,8.97,9.0,925.0
congested,reset-at-object,500,3,602,13,8.969,9.007,926.0
congested,reset-at-object,500,4,602,13,8.935,8.998,925.0
congested,reset-at-object,500,5,602,13,8.967,8.994,925.0
congested,reset-at-object,500,6,602,13,8.964,8.987,926.0
congested,reset-at-object,500,7,609,15,8.897,8.757,938.0
congested,reset-at-object,500,8,602,13,8.959,8.969,925.0
congested,reset-at-object,500,9,602,13,8.957,8.981,925.0
congested,reset-at-object,500,10,602,13,8.965,8.998,925.0
congested,reset-at-object,1000,1,630,13,8.653,8.543,923.0
congested,reset-at-object,1000,2,630,13,8.695,8.537,924.0
congested,reset-at-object,1000,3,630,13,8.682,8.569,925.0
congested,reset-at-object,1000,4,629,13,8.66,8.58,984.0
congested,reset-at-object,1000,5,630,13,8.68,8.572,924.0
congested,reset-at-object,1000,6,630,13,8.67,8.537,941.0
congested,reset-at-object,1000,7,630,13,8.624,8.548,972.0
congested,reset-at-object,1000,8,630,13,8.665,8.525,942.0
congested,reset-at-object,1000,9,630,13,8.654,8.544,923.0
congested,reset-at-object,1000,10,630,13,8.678,8.575,925.0
congested,reset-stream,100,1,455,3,11.53,11.236,7733.0
congested,reset-stream,100,2,454,3,11.562,11.278,7765.0
congested,reset-stream,100,3,455,3,11.526,11.23,7729.0
congested,reset-stream,100,4,455,3,11.528,11.234,7731.0
congested,reset-stream,100,5,455,3,11.526,11.255,7730.0
congested,reset-stream,100,6,453,2,11.594,11.312,11073.0
congested,reset-stream,100,7,454,5,11.561,11.26,6819.0
congested,reset-stream,100,8,429,5,12.395,12.104,4321.0
congested,reset-stream,100,9,454,3,11.574,11.267,7778.0
congested,reset-stream,100,10,454,4,11.559,11.269,7797.0
congested,reset-stream,200,1,513,3,9.425,9.281,7497.0
congested,reset-stream,200,2,513,3,9.426,9.276,7498.0
congested,reset-stream,200,3,513,3,9.44,9.265,7497.0
congested,reset-stream,200,4,513,3,9.426,9.274,7498.0
congested,reset-stream,200,5,513,3,9.425,9.268,7498.0
congested,reset-stream,200,6,513,3,9.44,9.271,7498.0
congested,reset-stream,200,7,516,5,9.335,9.17,5101.0
congested,reset-stream,200,8,513,3,9.44,9.269,7497.0
congested,reset-stream,200,9,513,3,9.44,9.272,7496.0
congested,reset-stream,200,10,513,3,9.422,9.273,7497.0
congested,reset-stream,500,1,598,9,7.446,7.555,1240.0
congested,reset-stream,500,2,600,11,9.029,9.04,1569.0
congested,reset-stream,500,3,598,9,9.05,9.144,2041.0
congested,reset-stream,500,4,598,9,7.445,7.55,1239.0
congested,reset-stream,500,5,600,11,8.944,9.037,1240.0
congested,reset-stream,500,6,604,9,8.338,8.14,2186.0
congested,reset-stream,500,7,599,11,8.933,9.059,1544.0
congested,reset-stream,500,8,597,9,7.451,7.577,1239.0
congested,reset-stream,500,9,598,10,7.503,7.554,1239.0
congested,reset-stream,500,10,598,10,9.027,9.115,2018.0
congested,reset-stream,1000,1,627,10,8.816,8.668,1851.0
congested,reset-stream,1000,2,630,13,8.69,8.544,942.0
congested,reset-stream,1000,3,626,9,8.774,8.668,1815.0
congested,reset-stream,1000,4,627,10,8.818,8.658,1851.0
congested,reset-stream,1000,5,626,9,8.76,8.662,1815.0
congested,reset-stream,1000,6,626,9,8.758,8.648,1815.0
congested,reset-stream,1000,7,627,10,8.723,8.658,1805.0
congested,reset-stream,1000,8,626,9,8.758,8.66,1815.0
congested,reset-stream,1000,9,626,9,8.759,8.661,1815.0
congested,reset-stream,1000,10,626,9,8.756,8.677,1814.0
lossy,none,0,1,883,0,0.0,0,0
lossy,none,0,2,883,0,0.0,0,0
lossy,none,0,3,872,0,0.0,0,0
lossy,none,0,4,883,0,0.0,0,0
lossy,none,0,5,883,0,0.0,0,0
lossy,none,0,6,883,0,0.0,0,0
lossy,none,0,7,883,0,0.0,0,0
lossy,none,0,8,883,0,0.0,0,0
lossy,none,0,9,883,0,0.0,0,0
lossy,none,0,10,883,0,0.0,0,0
lossy,reset-at-keyframe,100,1,554,11,8.485,8.262,1040.0
lossy,reset-at-keyframe,100,2,554,11,9.515,9.372,1149.0
lossy,reset-at-keyframe,100,3,614,9,7.58,7.324,1112.0
lossy,reset-at-keyframe,100,4,555,12,9.508,9.263,1032.0
lossy,reset-at-keyframe,100,5,526,15,10.538,10.251,1102.0
lossy,reset-at-keyframe,100,6,527,13,10.422,10.158,1112.0
lossy,reset-at-keyframe,100,7,552,12,9.663,9.367,1042.0
lossy,reset-at-keyframe,100,8,519,14,10.758,10.405,1051.0
lossy,reset-at-keyframe,100,9,494,14,11.684,11.337,1118.0
lossy,reset-at-keyframe,100,10,526,13,9.552,9.204,1017.0
lossy,reset-at-keyframe,200,1,737,8,4.001,3.589,950.0
lossy,reset-at-keyframe,200,2,796,4,2.05,1.638,949.0
lossy,reset-at-keyframe,200,3,825,2,1.0,0.579,909.0
lossy,reset-at-keyframe,200,4,771,7,2.955,2.413,949.0
lossy,reset-at-keyframe,200,5,722,7,4.055,3.619,1002.0
lossy,reset-at-keyframe,200,6,688,7,5.637,5.228,1116.0
lossy,reset-at-keyframe,200,7,800,2,1.849,1.416,967.0
lossy,reset-at-keyframe,200,8,742,5,3.899,3.43,1010.0
lossy,reset-at-keyframe,200,9,798,3,0.903,0.54,671.0
lossy,reset-at-keyframe,200,10,746,5,3.702,3.288,1006.0
lossy,reset-at-keyframe,500,1,883,0,0.0,0,0
lossy,reset-at-keyframe,500,2,873,0,0.0,0,0
lossy,reset-at-keyframe,500,3,883,0,0.0,0,0
lossy,reset-at-keyframe,500,4,883,0,0.0,0,0
lossy,reset-at-keyframe,500,5,853,0,0.0,0,0
lossy,reset-at-keyframe,500,6,883,0,0.0,0,0
lossy,reset-at-keyframe,500,7,883,0,0.0,0,0
lossy,reset-at-keyframe,500,8,883,0,0.0,0,0
lossy,reset-at-keyframe,500,9,883,0,0.0,0,0
lossy,reset-at-keyframe,500,10,883,0,0.0,0,0
lossy,reset-at-keyframe,1000,1,883,0,0.0,0,0
lossy,reset-at-keyframe,1000,2,883,0,0.0,0,0
lossy,reset-at-keyframe,1000,3,883,0,0.0,0,0
lossy,reset-at-keyframe,1000,4,883,0,0.0,0,0
lossy,reset-at-keyframe,1000,5,883,0,0.0,0,0
lossy,reset-at-keyframe,1000,6,883,0,0.0,0,0
lossy,reset-at-keyframe,1000,7,883,0,0.0,0,0
lossy,reset-at-keyframe,1000,8,883,0,0.0,0,0
lossy,reset-at-keyframe,1000,9,872,0,0.0,0,0
lossy,reset-at-keyframe,1000,10,883,0,0.0,0,0
lossy,reset-at-object,100,1,555,13,9.498,9.225,1040.0
lossy,reset-at-object,100,2,518,14,10.831,10.462,1033.0
lossy,reset-at-object,100,3,545,13,9.819,9.471,1050.0
lossy,reset-at-object,100,4,553,13,9.472,9.255,1107.0
lossy,reset-at-object,100,5,527,13,10.389,10.13,1041.0
lossy,reset-at-object,100,6,526,12,10.432,10.263,1093.0
lossy,reset-at-object,100,7,556,13,9.521,9.182,1037.0
lossy,reset-at-object,100,8,440,16,13.384,13.147,1067.0
lossy,reset-at-object,100,9,585,11,8.408,8.165,1052.0
lossy,reset-at-object,100,10,496,14,11.521,11.214,1098.0
lossy,reset-at-object,200,1,788,4,1.85,1.407,899.0
lossy,reset-at-object,200,2,742,10,3.983,3.468,935.0
lossy,reset-at-object,200,3,838,1,0.273,0,306.0
lossy,reset-at-object,200,4,796,4,2.042,1.588,947.0
lossy,reset-at-object,200,5,825,3,1.062,0.606,918.0
lossy,reset-at-object,200,6,767,6,3.03,2.537,958.0
lossy,reset-at-object,200,7,796,5,2.086,1.574,950.0
lossy,reset-at-object,200,8,771,4,2.826,2.366,949.0
lossy,reset-at-object,200,9,829,1,0.86,0.444,893.0
lossy,reset-at-object,200,10,796,3,1.961,1.507,929.0
lossy,reset-at-object,500,1,883,0,0.0,0,0
lossy,reset-at-object,500,2,873,0,0.0,0,0
lossy,reset-at-object,500,3,883,0,0.0,0,0
lossy,reset-at-object,500,4,871,0,0.0,0,0
lossy,reset-at-object,500,5,883,0,0.0,0,0
lossy,reset-at-object,500,6,883,0,0.0,0,0
lossy,reset-at-object,500,7,883,0,0.0,0,0
lossy,reset-at-object,500,8,883,0,0.0,0,0
lossy,reset-at-object,500,9,883,0,0.0,0,0
lossy,reset-at-object,500,10,883,0,0.0,0,0
lossy,reset-at-object,1000,1,883,0,0.0,0,0
lossy,reset-at-object,1000,2,853,0,0.0,0,0
lossy,reset-at-object,1000,3,883,0,0.0,0,0
lossy,reset-at-object,1000,4,883,0,0.0,0,0
lossy,reset-at-object,1000,5,883,0,0.0,0,0
lossy,reset-at-object,1000,6,883,0,0.0,0,0
lossy,reset-at-object,1000,7,883,0,0.0,0,0
lossy,reset-at-object,1000,8,883,0,0.0,0,0
lossy,reset-at-object,1000,9,883,0,0.0,0,0
lossy,reset-at-object,1000,10,883,0,0.0,0,0
lossy,reset-stream,100,1,518,7,9.735,9.462,5957.0
lossy,reset-stream,100,2,519,7,8.893,8.526,3104.0
lossy,reset-stream,100,3,488,7,11.686,11.477,4978.0
lossy,reset-stream,100,4,518,5,9.756,9.517,3617.0
lossy,reset-stream,100,5,635,2,4.786,4.508,4710.0
lossy,reset-stream,100,6,544,5,7.81,7.488,3152.0
lossy,reset-stream,100,7,429,8,13.813,13.518,5019.0
lossy,reset-stream,100,8,518,6,8.908,8.503,3121.0
lossy,reset-stream,100,9,578,8,8.773,8.394,2715.0
lossy,reset-stream,100,10,580,7,8.657,8.377,1999.0
lossy,reset-stream,200,1,707,5,5.058,4.646,3785.0
lossy,reset-stream,200,2,652,7,5.478,5.045,1490.0
lossy,reset-stream,200,3,841,1,0.538,0.113,571.0
lossy,reset-stream,200,4,795,3,2.086,1.621,1121.0
lossy,reset-stream,200,5,719,2,1.84,1.512,1652.0
lossy,reset-stream,200,6,797,3,1.988,1.532,972.0
lossy,reset-stream,200,7,738,6,3.999,3.599,1884.0
lossy,reset-stream,200,8,743,6,3.9,3.346,1114.0
lossy,reset-stream,200,9,817,3,1.387,0.878,1129.0
lossy,reset-stream,200,10,761,6,3.216,2.746,1078.0
lossy,reset-stream,500,1,883,0,0.0,0,0
lossy,reset-stream,500,2,883,0,0.0,0,0
lossy,reset-stream,500,3,883,0,0.0,0,0
lossy,reset-stream,500,4,883,0,0.0,0,0
lossy,reset-stream,500,5,883,0,0.0,0,0
lossy,reset-stream,500,6,883,0,0.0,0,0
lossy,reset-stream,500,7,883,0,0.0,0,0
lossy,reset-stream,500,8,883,0,0.0,0,0
lossy,reset-stream,500,9,883,0,0.0,0,0
lossy,reset-stream,500,10,883,0,0.0,0,0
lossy,reset-stream,1000,1,883,0,0.0,0,0
lossy,reset-stream,1000,2,883,0,0.0,0,0
lossy,reset-stream,1000,3,883,0,0.0,0,0
lossy,reset-stream,1000,4,883,0,0.0,0,0
lossy,reset-stream,1000,5,883,0,0.0,0,0
lossy,reset-stream,1000,6,883,0,0.0,0,0
lossy,reset-stream,1000,7,883,0,0.0,0,0
lossy,reset-stream,1000,8,883,0,0.0,0,0
lossy,reset-stream,1000,9,883,0,0.0,0,0
lossy,reset-stream,1000,10,883,0,0.0,0,0
severe,none,0,1,882,21,8.835,9.212,972.0
severe,none,0,2,883,24,9.333,9.328,1203.0
severe,none,0,3,880,22,8.551,9.29,910.0
severe,none,0,4,880,22,8.788,9.444,913.0
severe,none,0,5,878,25,9.08,9.297,910.0
severe,none,0,6,882,22,8.728,9.201,911.0
severe,none,0,7,883,21,8.386,9.067,924.0
severe,none,0,8,881,26,9.528,9.526,925.0
severe,none,0,9,883,22,9.142,9.329,918.0
severe,none,0,10,882,19,8.103,9.135,889.0
severe,reset-at-keyframe,100,1,324,20,17.873,17.587,1094.0
severe,reset-at-keyframe,100,2,266,22,19.707,19.545,1431.0
severe,reset-at-keyframe,100,3,324,21,17.809,17.576,1107.0
severe,reset-at-keyframe,100,4,324,21,17.802,17.547,1214.0
severe,reset-at-keyframe,100,5,295,22,18.762,18.48,1118.0
severe,reset-at-keyframe,100,6,382,19,15.878,15.599,1170.0
severe,reset-at-keyframe,100,7,353,19,16.831,16.56,1095.0
severe,reset-at-keyframe,100,8,242,23,20.545,20.351,1163.0
severe,reset-at-keyframe,100,9,292,21,18.834,18.642,1123.0
severe,reset-at-keyframe,100,10,324,20,17.772,17.579,1118.0
severe,reset-at-keyframe,200,1,390,20,15.488,15.292,1156.0
severe,reset-at-keyframe,200,2,455,17,13.459,13.165,1142.0
severe,reset-at-keyframe,200,3,479,15,12.642,12.34,1228.0
severe,reset-at-keyframe,200,4,412,17,14.882,14.571,1117.0
severe,reset-at-keyframe,200,5,440,17,13.947,13.671,1106.0
severe,reset-at-keyframe,200,6,483,17,12.548,12.211,1118.0
severe,reset-at-keyframe,200,7,469,15,12.939,12.688,1273.0
severe,reset-at-keyframe,200,8,469,15,12.938,12.682,1356.0
severe,reset-at-keyframe,200,9,469,15,12.934,12.656,1119.0
severe,reset-at-keyframe,200,10,382,19,15.878,15.63,1119.0
severe,reset-at-keyframe,500,1,556,14,9.846,9.731,961.0
severe,reset-at-keyframe,500,2,532,16,10.914,10.506,1011.0
severe,reset-at-keyframe,500,3,552,15,10.27,9.828,992.0
severe,reset-at-keyframe,500,4,542,16,10.548,10.218,1083.0
severe,reset-at-keyframe,500,5,556,16,10.115,9.752,1005.0
severe,reset-at-keyframe,500,6,556,15,9.984,9.706,988.0
severe,reset-at-keyframe,500,7,554,15,9.987,9.798,1041.0
severe,reset-at-keyframe,500,8,550,16,10.385,9.907,1047.0
severe,reset-at-keyframe,500,9,570,16,9.637,9.277,996.0
severe,reset-at-keyframe,500,10,538,16,10.754,10.332,1047.0
severe,reset-at-keyframe,1000,1,578,19,9.988,9.793,961.0
severe,reset-at-keyframe,1000,2,613,15,8.996,8.645,925.0
severe,reset-at-keyframe,1000,3,595,17,9.401,9.127,1069.0
severe,reset-at-keyframe,1000,4,599,18,9.343,9.094,925.0
severe,reset-at-keyframe,1000,5,598,17,9.307,9.088,977.0
severe,reset-at-keyframe,1000,6,608,14,8.977,8.776,948.0
severe,reset-at-keyframe,1000,7,601,16,9.144,8.985,949.0
severe,reset-at-keyframe,1000,8,607,15,9.192,8.786,1072.0
severe,reset-at-keyframe,1000,9,610,14,8.894,8.696,935.0
severe,reset-at-keyframe,1000,10,610,16,8.938,8.763,953.0
severe,reset-at-object,100,1,324,20,17.765,17.57,1432.0
severe,reset-at-object,100,2,294,21,18.784,18.586,1142.0
severe,reset-at-object,100,3,266,22,19.685,19.517,1117.0
severe,reset-at-object,100,4,266,22,19.714,19.548,1131.0
severe,reset-at-object,100,5,295,22,18.775,18.526,1415.0
severe,reset-at-object,100,6,322,21,17.877,17.644,1107.0
severe,reset-at-object,100,7,268,23,19.673,19.424,1106.0
severe,reset-at-object,100,8,299,21,18.58,18.385,1106.0
severe,reset-at-object,100,9,295,22,18.792,18.543,1118.0
severe,reset-at-object,100,10,295,21,18.745,18.552,1367.0
severe,reset-at-object,200,1,429,16,14.178,13.94,1216.0
severe,reset-at-object,200,2,468,16,12.97,12.727,1106.0
severe,reset-at-object,200,3,440,16,13.9,13.656,1106.0
severe,reset-at-object,200,4,469,15,12.827,12.565,1106.0
severe,reset-at-object,200,5,461,17,13.224,12.958,1080.0
severe,reset-at-object,200,6,469,16,12.953,12.631,1114.0
severe,reset-at-object,200,7,440,16,13.89,13.627,1118.0
severe,reset-at-object,200,8,439,16,13.824,13.669,1096.0
severe,reset-at-object,200,9,440,16,13.817,13.68,1106.0
severe,reset-at-object,200,10,480,15,12.61,12.3,1129.0
severe,reset-at-object,500,1,556,16,9.968,9.744,1073.0
severe,reset-at-object,500,2,553,15,10.15,9.863,1019.0
severe,reset-at-object,500,3,552,16,10.233,9.863,1061.0
severe,reset-at-object,500,4,552,15,10.138,9.875,972.0
severe,reset-at-object,500,5,555,16,10.126,9.687,1242.0
severe,reset-at-object,500,6,551,16,10.281,9.883,1023.0
severe,reset-at-object,500,7,555,14,9.969,9.74,1056.0
severe,reset-at-object,500,8,555,14,9.974,9.764,1110.0
severe,reset-at-object,500,9,576,16,9.494,9.031,964.0
severe,reset-at-object,500,10,577,16,9.474,9.012,1012.0
severe,reset-at-object,1000,1,609,16,9.202,8.768,972.0
severe,reset-at-object,1000,2,605,17,9.145,8.884,1173.0
severe,reset-at-object,1000,3,610,13,8.895,8.731,965.0
severe,reset-at-object,1000,4,597,20,9.724,9.175,956.0
severe,reset-at-object,1000,5,606,16,9.283,8.813,942.0
severe,reset-at-object,1000,6,607,16,9.065,8.849,1127.0
severe,reset-at-object,1000,7,606,13,8.968,8.819,948.0
severe,reset-at-object,1000,8,612,12,8.808,8.681,1575.0
severe,reset-at-object,1000,9,602,16,9.224,8.985,914.0
severe,reset-at-object,1000,10,591,18,9.514,9.388,994.0
severe,reset-stream,100,1,314,10,18.101,17.888,3486.0
severe,reset-stream,100,2,279,13,17.325,17.183,4285.0
severe,reset-stream,100,3,344,11,17.081,16.869,3105.0
severe,reset-stream,100,4,346,13,17.023,16.838,2519.0
severe,reset-stream,100,5,244,12,19.524,19.302,6244.0
severe,reset-stream,100,6,275,8,19.405,19.199,5560.0
severe,reset-stream,100,7,258,11,19.002,18.762,4189.0
severe,reset-stream,100,8,285,12,19.019,18.865,3904.0
severe,reset-stream,100,9,288,15,17.988,17.808,2141.0
severe,reset-stream,100,10,256,11,20.01,19.805,5224.0
severe,reset-stream,200,1,479,8,11.655,11.356,3091.0
severe,reset-stream,200,2,433,11,14.106,13.878,5091.0
severe,reset-stream,200,3,463,9,12.149,11.903,3143.0
severe,reset-stream,200,4,463,9,11.176,10.892,3096.0
severe,reset-stream,200,5,463,9,12.156,11.877,2154.0
severe,reset-stream,200,6,475,9,12.767,12.477,3130.0
severe,reset-stream,200,7,463,9,13.118,12.861,3151.0
severe,reset-stream,200,8,461,8,12.22,11.949,3368.0
severe,reset-stream,200,9,394,9,15.424,15.219,3261.0
severe,reset-stream,200,10,402,10,15.151,14.914,4020.0
severe,reset-stream,500,1,542,10,9.503,9.24,2300.0
severe,reset-stream,500,2,526,11,10.156,9.743,3801.0
severe,reset-stream,500,3,544,13,8.653,8.22,2356.0
severe,reset-stream,500,4,551,11,10.141,9.843,2185.0
severe,reset-stream,500,5,551,10,9.097,8.892,1445.0
severe,reset-stream,500,6,525,13,10.115,9.807,2068.0
severe,reset-stream,500,7,546,6,7.92,7.714,3192.0
severe,reset-stream,500,8,571,10,7.703,7.275,2665.0
severe,reset-stream,500,9,574,13,8.538,8.155,2049.0
severe,reset-stream,500,10,534,14,10.874,10.448,2872.0
severe,reset-stream,1000,1,606,14,9.047,8.83,1843.0
severe,reset-stream,1000,2,608,8,8.856,8.795,1984.0
severe,reset-stream,1000,3,602,14,8.478,8.229,1057.0
severe,reset-stream,1000,4,598,14,9.28,9.032,1609.0
severe,reset-stream,1000,5,605,16,9.343,8.936,938.0
severe,reset-stream,1000,6,600,11,8.645,8.275,2681.0
severe,reset-stream,1000,7,603,8,9.18,8.949,2996.0
severe,reset-stream,1000,8,608,13,9.056,8.798,1536.0
severe,reset-stream,1000,9,607,12,8.367,8.055,960.0
severe,reset-stream,1000,10,612,12,8.777,8.537,1851.0
